{"posX":79.9703598022461,"posY":-14.294620513916016,"scaleX":4.0,"scaleY":4.0,"currentScene":3}